성별,국적,출생지,교육단계,학년,학급,전공,학기,담당부모,발표수,과정반복수,새공지사항확인수,토론참여수,부모의학교만족도,결석일수,성적
M,KW,KuwaIT,lowerlevel,G-04,A,IT,F,Father,15,16,2,20,Good,Under-7,M
M,KW,KuwaIT,lowerlevel,G-04,A,IT,F,Father,20,20,3,25,Good,Under-7,M
M,KW,KuwaIT,lowerlevel,G-04,A,IT,F,Father,10,7,0,30,Bad,Above-7,L
M,KW,KuwaIT,lowerlevel,G-04,A,IT,F,Father,30,25,5,35,Bad,Above-7,L
M,KW,KuwaIT,lowerlevel,G-04,A,IT,F,Father,40,50,12,50,Bad,Above-7,M
F,KW,KuwaIT,lowerlevel,G-04,A,IT,F,Father,42,30,13,70,Bad,Above-7,M
M,KW,KuwaIT,MiddleSchool,G-07,A,Math,F,Father,35,12,0,17,Bad,Above-7,L
M,KW,KuwaIT,MiddleSchool,G-07,A,Math,F,Father,50,10,15,22,Good,Under-7,M
F,KW,KuwaIT,MiddleSchool,G-07,A,Math,F,Father,12,21,16,50,Good,Under-7,M
F,KW,KuwaIT,MiddleSchool,G-07,B,IT,F,Father,70,80,25,70,Good,Under-7,M
M,KW,KuwaIT,MiddleSchool,G-07,A,Math,F,Father,50,88,30,80,Good,Under-7,H
M,KW,KuwaIT,MiddleSchool,G-07,B,Math,F,Father,19,6,19,12,Good,Under-7,M
M,KW,KuwaIT,lowerlevel,G-04,A,IT,F,Father,5,1,0,11,Bad,Above-7,L
M,lebanon,lebanon,MiddleSchool,G-08,A,Math,F,Father,20,14,12,19,Bad,Above-7,L
F,KW,KuwaIT,MiddleSchool,G-08,A,Math,F,Mum,62,70,44,60,Bad,Above-7,H
F,KW,KuwaIT,MiddleSchool,G-06,A,IT,F,Father,30,40,22,66,Good,Under-7,M
M,KW,KuwaIT,MiddleSchool,G-07,B,IT,F,Father,36,30,20,80,Bad,Above-7,M
M,KW,KuwaIT,MiddleSchool,G-07,A,Math,F,Father,55,13,35,90,Bad,Above-7,M
F,KW,KuwaIT,MiddleSchool,G-07,A,IT,F,Mum,69,15,36,96,Good,Under-7,M
M,KW,KuwaIT,MiddleSchool,G-07,B,IT,F,Mum,70,50,40,99,Good,Under-7,H
F,KW,KuwaIT,MiddleSchool,G-07,A,IT,F,Father,60,60,33,90,Bad,Above-7,M
F,KW,KuwaIT,MiddleSchool,G-07,B,IT,F,Father,10,12,4,80,Bad,Under-7,M
M,KW,KuwaIT,MiddleSchool,G-07,A,IT,F,Father,15,21,2,90,Bad,Under-7,M
M,KW,KuwaIT,MiddleSchool,G-07,A,IT,F,Father,2,0,2,50,Bad,Above-7,L
M,KW,KuwaIT,MiddleSchool,G-07,B,IT,F,Father,0,2,3,70,Good,Above-7,L
M,KW,KuwaIT,MiddleSchool,G-07,A,IT,F,Father,8,7,30,40,Good,Above-7,L
M,KW,KuwaIT,MiddleSchool,G-07,B,IT,F,Father,19,19,25,40,Bad,Under-7,M
M,KW,KuwaIT,MiddleSchool,G-08,A,Arabic,F,Father,25,15,12,33,Bad,Above-7,L
M,KW,KuwaIT,MiddleSchool,G-08,A,Science,F,Father,75,85,52,43,Good,Under-7,M
F,KW,KuwaIT,MiddleSchool,G-08,A,Arabic,F,Father,30,90,33,35,Bad,Under-7,M
F,KW,KuwaIT,MiddleSchool,G-08,A,Arabic,F,Father,35,80,50,70,Good,Under-7,H
M,KW,KuwaIT,MiddleSchool,G-07,A,IT,F,Father,4,5,40,16,Good,Above-7,L
F,KW,KuwaIT,lowerlevel,G-07,A,IT,F,Father,2,19,10,50,Good,Above-7,L
M,KW,KuwaIT,lowerlevel,G-05,A,English,F,Father,8,22,9,40,Bad,Above-7,L
M,KW,KuwaIT,MiddleSchool,G-07,B,Science,F,Father,12,11,8,40,Bad,Above-7,L
M,KW,KuwaIT,MiddleSchool,G-07,A,English,F,Father,10,12,17,30,Bad,Above-7,L
M,KW,KuwaIT,MiddleSchool,G-07,B,Science,F,Mum,8,6,4,22,Good,Above-7,L
F,Egypt,Egypt,MiddleSchool,G-07,A,IT,F,Father,45,54,26,90,Good,Under-7,M
M,KW,KuwaIT,MiddleSchool,G-06,A,IT,F,Father,0,0,0,4,Bad,Above-7,L
F,SaudiArabia,SaudiArabia,MiddleSchool,G-07,B,Science,F,Father,50,90,37,70,Good,Under-7,M
F,KW,KuwaIT,MiddleSchool,G-07,A,IT,F,Father,14,13,3,70,Bad,Above-7,L
M,KW,KuwaIT,MiddleSchool,G-07,A,IT,F,Father,19,20,16,50,Good,Under-7,M
M,KW,KuwaIT,HighSchool,G-09,A,IT,F,Father,10,12,7,33,Good,Above-7,L
F,KW,KuwaIT,HighSchool,G-09,A,IT,F,Father,30,35,28,90,Good,Under-7,M
F,KW,KuwaIT,HighSchool,G-09,A,IT,F,Father,33,33,30,90,Bad,Under-7,M
M,KW,KuwaIT,MiddleSchool,G-07,A,Quran,F,Father,20,12,15,70,Good,Above-7,L
M,KW,KuwaIT,lowerlevel,G-05,A,English,F,Father,7,10,1,30,Bad,Above-7,L
F,KW,KuwaIT,HighSchool,G-12,A,English,F,Mum,70,4,39,90,Good,Under-7,H
F,KW,KuwaIT,HighSchool,G-12,A,English,F,Mum,13,80,40,88,Good,Under-7,H
F,KW,KuwaIT,HighSchool,G-12,A,English,F,Father,29,39,50,77,Good,Under-7,M
F,KW,KuwaIT,HighSchool,G-12,A,English,F,Father,20,14,12,70,Bad,Above-7,L
M,KW,KuwaIT,HighSchool,G-12,A,English,F,Father,39,15,16,50,Good,Above-7,L
F,KW,KuwaIT,HighSchool,G-12,A,English,F,Father,55,90,16,40,Bad,Under-7,M
F,KW,KuwaIT,HighSchool,G-11,A,Science,F,Mum,49,70,19,75,Good,Under-7,H
M,KW,KuwaIT,HighSchool,G-12,A,English,F,Mum,12,50,8,30,Bad,Above-7,L
M,KW,KuwaIT,MiddleSchool,G-07,A,Math,F,Father,16,14,6,20,Good,Above-7,L
M,USA,USA,MiddleSchool,G-08,B,Math,F,Father,19,5,4,1,Good,Above-7,L
M,KW,KuwaIT,MiddleSchool,G-07,A,Math,F,Father,5,2,6,5,Good,Above-7,L
M,KW,KuwaIT,MiddleSchool,G-07,A,Math,F,Father,28,60,19,50,Good,Under-7,M
F,USA,USA,MiddleSchool,G-07,A,Math,F,Father,27,22,22,40,Good,Under-7,M
F,Jordan,Jordan,lowerlevel,G-05,A,English,F,Mum,21,10,28,20,Good,Above-7,L
M,KW,KuwaIT,HighSchool,G-10,A,IT,F,Father,50,70,32,40,Good,Under-7,M
M,venzuela,venzuela,HighSchool,G-10,A,IT,F,Mum,80,90,70,80,Good,Under-7,H
M,KW,KuwaIT,HighSchool,G-10,A,IT,F,Father,17,13,16,12,Bad,Under-7,M
M,KW,KuwaIT,HighSchool,G-10,A,IT,F,Father,0,5,7,2,Bad,Above-7,L
M,KW,KuwaIT,HighSchool,G-12,A,English,F,Father,13,5,18,19,Bad,Above-7,L
F,KW,KuwaIT,HighSchool,G-12,A,English,F,Father,25,10,19,30,Bad,Above-7,M
F,USA,USA,HighSchool,G-12,A,English,F,Mum,65,75,23,80,Good,Under-7,H
F,USA,USA,HighSchool,G-12,A,IT,F,Mum,70,69,35,30,Good,Under-7,H
M,Jordan,Jordan,MiddleSchool,G-07,A,IT,F,Father,39,40,11,33,Bad,Under-7,M
M,Jordan,Jordan,MiddleSchool,G-07,A,IT,F,Father,22,30,10,12,Good,Above-7,L
M,KW,KuwaIT,MiddleSchool,G-07,A,IT,F,Father,29,22,9,20,Good,Under-7,M
M,KW,KuwaIT,MiddleSchool,G-07,A,Math,F,Father,11,2,2,8,Bad,Under-7,L
F,KW,KuwaIT,MiddleSchool,G-07,A,English,F,Father,19,30,26,19,Bad,Above-7,M
M,KW,KuwaIT,MiddleSchool,G-07,B,IT,F,Father,12,0,6,13,Bad,Under-7,L
M,Jordan,Jordan,MiddleSchool,G-07,A,Quran,F,Mum,50,90,29,60,Good,Under-7,M
M,Iran,Iran,HighSchool,G-09,A,IT,F,Mum,15,70,37,44,Good,Under-7,M
M,KW,KuwaIT,HighSchool,G-09,A,IT,F,Father,20,80,33,33,Good,Under-7,M
M,KW,KuwaIT,HighSchool,G-11,A,Quran,F,Father,13,3,11,9,Bad,Above-7,L
F,lebanon,lebanon,MiddleSchool,G-07,B,Math,F,Mum,80,90,49,55,Bad,Under-7,H
M,KW,KuwaIT,MiddleSchool,G-07,A,Math,F,Father,8,15,10,40,Bad,Under-7,L
M,KW,KuwaIT,lowerlevel,G-02,A,IT,F,Father,8,25,1,70,Bad,Above-7,L
M,KW,KuwaIT,lowerlevel,G-02,B,IT,F,Father,7,5,2,80,Good,Above-7,L
M,KW,KuwaIT,lowerlevel,G-02,B,IT,F,Father,7,4,10,50,Good,Above-7,M
M,KW,KuwaIT,lowerlevel,G-02,B,IT,F,Father,50,70,50,10,Good,Above-7,H
M,KW,KuwaIT,lowerlevel,G-02,B,IT,F,Father,1,0,1,12,Bad,Above-7,L
M,SaudiArabia,SaudiArabia,lowerlevel,G-02,B,IT,F,Father,70,12,40,50,Good,Under-7,H
M,KW,KuwaIT,lowerlevel,G-02,B,IT,F,Father,19,70,3,50,Bad,Under-7,L
F,KW,KuwaIT,lowerlevel,G-02,B,IT,F,Father,3,12,4,33,Bad,Under-7,L
M,KW,KuwaIT,lowerlevel,G-02,B,IT,F,Father,5,20,1,50,Good,Above-7,L
M,KW,KuwaIT,lowerlevel,G-02,B,IT,F,Father,4,8,10,60,Good,Above-7,L
M,KW,KuwaIT,lowerlevel,G-02,B,IT,F,Father,80,90,55,19,Good,Under-7,H
F,KW,KuwaIT,lowerlevel,G-02,B,IT,F,Father,50,70,19,15,Good,Under-7,H
M,USA,USA,lowerlevel,G-02,B,IT,F,Father,55,89,40,40,Good,Under-7,H
F,KW,KuwaIT,lowerlevel,G-02,B,IT,F,Father,80,44,35,10,Good,Above-7,L
F,KW,KuwaIT,lowerlevel,G-02,B,IT,F,Father,100,80,2,70,Bad,Under-7,H
F,KW,KuwaIT,lowerlevel,G-02,C,IT,F,Father,14,60,11,75,Good,Under-7,H
F,KW,KuwaIT,lowerlevel,G-02,B,IT,F,Father,6,2,38,12,Bad,Under-7,M
F,KW,KuwaIT,lowerlevel,G-02,C,IT,F,Father,10,3,0,30,Bad,Under-7,M
M,KW,KuwaIT,lowerlevel,G-02,B,IT,F,Father,50,7,9,50,Bad,Above-7,M
M,KW,KuwaIT,lowerlevel,G-02,B,IT,F,Father,50,90,40,90,Bad,Under-7,M
F,KW,KuwaIT,lowerlevel,G-02,B,IT,F,Mum,70,92,50,7,Good,Under-7,H
F,KW,KuwaIT,lowerlevel,G-02,B,IT,F,Father,2,6,2,8,Bad,Above-7,L
M,KW,KuwaIT,lowerlevel,G-02,B,IT,F,Father,1,7,6,10,Bad,Above-7,L
M,KW,KuwaIT,lowerlevel,G-02,B,IT,F,Father,0,12,3,3,Good,Above-7,M
F,KW,KuwaIT,lowerlevel,G-02,B,IT,F,Father,0,0,5,80,Good,Above-7,L
F,KW,KuwaIT,lowerlevel,G-02,B,IT,F,Father,12,26,7,40,Good,Under-7,M
M,KW,KuwaIT,lowerlevel,G-02,B,IT,F,Father,70,90,41,33,Bad,Under-7,H
M,SaudiArabia,SaudiArabia,lowerlevel,G-02,B,IT,F,Father,7,12,5,3,Bad,Above-7,M
M,KW,KuwaIT,lowerlevel,G-02,B,IT,F,Father,90,70,30,14,Bad,Under-7,M
F,Jordan,Jordan,lowerlevel,G-02,B,IT,F,Mum,70,88,55,40,Good,Under-7,H
M,KW,KuwaIT,lowerlevel,G-02,C,IT,F,Father,77,80,51,80,Good,Under-7,M
M,KW,KuwaIT,lowerlevel,G-02,B,IT,F,Father,2,5,3,50,Bad,Above-7,L
M,KW,KuwaIT,lowerlevel,G-02,B,IT,F,Father,25,27,0,69,Bad,Above-7,L
M,KW,KuwaIT,lowerlevel,G-02,B,IT,F,Father,11,2,0,50,Bad,Above-7,L
M,KW,KuwaIT,lowerlevel,G-02,B,IT,F,Father,0,8,11,70,Good,Above-7,L
F,KW,KuwaIT,lowerlevel,G-02,C,IT,F,Mum,77,80,12,19,Good,Above-7,M
F,KW,KuwaIT,lowerlevel,G-02,C,IT,F,Mum,25,29,40,17,Good,Under-7,H
F,KW,KuwaIT,lowerlevel,G-02,C,IT,F,Mum,24,35,23,22,Good,Above-7,M
M,KW,KuwaIT,lowerlevel,G-02,C,IT,F,Father,60,60,3,60,Bad,Under-7,M
M,KW,KuwaIT,lowerlevel,G-02,C,IT,F,Mum,21,12,0,50,Good,Under-7,M
M,KW,KuwaIT,lowerlevel,G-02,C,IT,F,Mum,0,4,8,30,Bad,Above-7,L
F,KW,KuwaIT,lowerlevel,G-02,B,IT,F,Father,66,90,55,12,Good,Above-7,M
F,lebanon,lebanon,lowerlevel,G-02,B,IT,F,Father,70,98,7,5,Good,Under-7,M
M,KW,KuwaIT,lowerlevel,G-02,C,IT,F,Father,0,6,4,15,Bad,Under-7,L
M,KW,KuwaIT,lowerlevel,G-02,B,IT,F,Father,12,30,0,17,Good,Above-7,L
F,Iran,Iran,lowerlevel,G-02,C,IT,F,Father,2,9,7,55,Good,Under-7,M
M,KW,KuwaIT,lowerlevel,G-02,B,IT,F,Father,55,33,6,9,Bad,Above-7,L
M,KW,KuwaIT,lowerlevel,G-02,C,IT,F,Father,12,10,20,16,Bad,Under-7,L
M,KW,KuwaIT,lowerlevel,G-02,B,IT,F,Father,70,90,2,2,Good,Under-7,L
F,KW,KuwaIT,lowerlevel,G-02,C,IT,F,Father,7,9,5,30,Bad,Above-7,L
M,Jordan,Jordan,lowerlevel,G-02,C,IT,F,Father,80,42,20,50,Good,Under-7,M
M,KW,KuwaIT,lowerlevel,G-02,C,IT,S,Father,0,3,10,3,Bad,Above-7,L
M,KW,KuwaIT,lowerlevel,G-02,A,IT,S,Father,12,60,0,70,Good,Above-7,L
M,KW,KuwaIT,MiddleSchool,G-07,A,Quran,S,Father,80,80,15,70,Good,Under-7,H
F,Egypt,Egypt,MiddleSchool,G-07,A,Quran,S,Mum,70,80,95,70,Good,Under-7,H
F,KW,USA,HighSchool,G-11,A,Quran,S,Mum,70,80,95,70,Good,Under-7,H
F,KW,USA,HighSchool,G-11,A,Quran,F,Mum,60,80,50,40,Bad,Under-7,M
F,Jordan,Egypt,MiddleSchool,G-07,A,Quran,F,Mum,100,80,95,90,Bad,Under-7,H
M,Jordan,USA,MiddleSchool,G-07,A,Quran,F,Mum,100,85,85,70,Bad,Under-7,M
M,Tunis,Tunis,MiddleSchool,G-07,A,Quran,F,Father,10,60,5,20,Bad,Above-7,L
M,Tunis,Tunis,MiddleSchool,G-07,A,Quran,S,Father,19,65,50,10,Bad,Above-7,L
M,Tunis,Tunis,MiddleSchool,G-07,A,Quran,S,Father,10,75,55,11,Good,Under-7,M
M,KW,KuwaIT,MiddleSchool,G-07,A,Quran,S,Father,80,90,55,19,Good,Under-7,H
M,KW,KuwaIT,MiddleSchool,G-07,A,Quran,S,Father,10,10,15,19,Bad,Above-7,L
M,Tunis,SaudiArabia,MiddleSchool,G-07,A,Quran,S,Father,70,75,55,11,Bad,Under-7,M
F,lebanon,lebanon,MiddleSchool,G-07,A,Quran,S,Mum,100,75,50,70,Good,Under-7,H
F,lebanon,lebanon,MiddleSchool,G-07,A,Quran,S,Father,10,79,30,30,Bad,Under-7,M
F,Jordan,Jordan,MiddleSchool,G-07,A,Quran,S,Father,60,55,30,40,Bad,Under-7,M
F,Jordan,lebanon,MiddleSchool,G-07,A,Quran,S,Mum,100,75,50,70,Bad,Under-7,H
M,SaudiArabia,SaudiArabia,HighSchool,G-11,A,Quran,S,Father,80,80,51,59,Good,Under-7,H
M,SaudiArabia,USA,HighSchool,G-11,A,Science,S,Father,23,63,71,89,Good,Under-7,M
F,SaudiArabia,USA,HighSchool,G-11,B,Science,S,Father,100,91,98,40,Bad,Under-7,H
M,SaudiArabia,USA,HighSchool,G-11,B,Spanish,S,Father,10,51,40,40,Bad,Above-7,L
M,SaudiArabia,USA,HighSchool,G-11,B,English,S,Father,70,50,33,41,Bad,Above-7,M
M,SaudiArabia,USA,HighSchool,G-11,B,Math,S,Father,70,58,73,91,Bad,Under-7,H
F,Tunis,USA,HighSchool,G-11,B,French,S,Father,70,50,30,49,Good,Under-7,M
M,Tunis,Tunis,HighSchool,G-11,B,Science,S,Father,70,50,33,40,Good,Under-7,M
M,Tunis,KuwaIT,MiddleSchool,G-07,B,Science,S,Father,22,51,48,10,Bad,Above-7,L
F,KW,KuwaIT,MiddleSchool,G-07,B,Science,S,Father,62,68,48,80,Good,Under-7,M
F,Jordan,Jordan,MiddleSchool,G-07,B,Science,S,Mum,82,89,58,50,Good,Under-7,H
M,Jordan,Jordan,MiddleSchool,G-07,B,Science,S,Mum,72,80,58,66,Bad,Under-7,M
F,Jordan,Jordan,lowerlevel,G-02,B,French,S,Mum,70,82,3,73,Bad,Under-7,H
F,Jordan,USA,lowerlevel,G-02,B,French,S,Mum,60,82,93,43,Bad,Above-7,M
M,Jordan,Jordan,lowerlevel,G-02,B,French,S,Mum,55,72,83,14,Good,Above-7,M
F,Morocco,Morocco,lowerlevel,G-02,B,French,S,Mum,72,65,73,66,Good,Under-7,H
M,KW,KuwaIT,lowerlevel,G-02,B,French,S,Mum,51,82,53,43,Bad,Under-7,M
M,Tunis,Tunis,lowerlevel,G-02,B,French,S,Mum,80,92,83,43,Good,Under-7,H
M,KW,KuwaIT,lowerlevel,G-02,B,French,S,Mum,60,52,23,33,Good,Under-7,H
M,KW,KuwaIT,lowerlevel,G-02,B,French,S,Mum,30,12,29,23,Bad,Under-7,M
M,KW,KuwaIT,lowerlevel,G-02,B,French,S,Father,40,62,83,33,Good,Under-7,H
M,KW,KuwaIT,lowerlevel,G-02,B,French,S,Mum,60,52,23,33,Good,Under-7,M
M,Iran,Iran,lowerlevel,G-02,B,French,S,Mum,20,22,53,13,Good,Above-7,L
M,Syria,Syria,lowerlevel,G-02,B,French,S,Mum,20,52,23,33,Good,Above-7,L
F,Jordan,Jordan,lowerlevel,G-02,B,French,S,Father,50,62,73,43,Bad,Above-7,M
M,Iran,Iran,lowerlevel,G-02,B,French,S,Father,10,2,13,53,Bad,Above-7,L
M,Tunis,Tunis,lowerlevel,G-02,B,French,S,Mum,60,52,23,33,Bad,Under-7,H
F,USA,USA,lowerlevel,G-02,B,French,S,Mum,15,52,83,11,Bad,Under-7,M
F,lebanon,lebanon,lowerlevel,G-02,B,French,S,Mum,80,42,33,13,Bad,Under-7,H
M,lebanon,lebanon,lowerlevel,G-02,B,French,S,Mum,40,51,20,33,Bad,Under-7,M
F,SaudiArabia,SaudiArabia,lowerlevel,G-02,B,French,S,Father,60,70,63,93,Bad,Under-7,H
M,Jordan,Jordan,lowerlevel,G-02,B,French,S,Father,50,62,13,33,Bad,Above-7,L
M,KW,KuwaIT,MiddleSchool,G-08,A,Arabic,S,Mum,85,75,62,53,Bad,Under-7,H
F,lebanon,lebanon,MiddleSchool,G-08,A,Arabic,S,Father,25,15,32,53,Bad,Under-7,M
M,lebanon,lebanon,MiddleSchool,G-08,A,Arabic,S,Mum,10,35,30,13,Bad,Above-7,L
M,lebanon,Jordan,MiddleSchool,G-08,A,Arabic,S,Mum,87,65,82,33,Good,Under-7,H
M,KW,KuwaIT,MiddleSchool,G-08,A,Arabic,S,Mum,85,15,22,53,Good,Under-7,M
F,KW,KuwaIT,MiddleSchool,G-08,A,Arabic,S,Father,80,71,52,51,Good,Under-7,M
M,KW,KuwaIT,MiddleSchool,G-08,A,Arabic,S,Mum,75,71,72,53,Good,Under-7,H
F,KW,KuwaIT,MiddleSchool,G-08,A,Arabic,S,Father,85,66,12,23,Bad,Under-7,M
M,KW,KuwaIT,MiddleSchool,G-08,A,Arabic,S,Father,23,25,32,53,Bad,Under-7,L
M,KW,KuwaIT,MiddleSchool,G-08,A,Arabic,S,Father,15,25,37,13,Good,Above-7,L
M,KW,KuwaIT,MiddleSchool,G-08,A,Arabic,S,Mum,95,91,62,53,Good,Under-7,M
M,Morocco,Morocco,MiddleSchool,G-08,A,Arabic,S,Mum,81,75,62,53,Bad,Under-7,M
M,Morocco,Morocco,MiddleSchool,G-08,A,Arabic,S,Mum,53,75,72,23,Bad,Under-7,M
M,KW,KuwaIT,MiddleSchool,G-08,A,Arabic,S,Father,15,43,42,33,Good,Under-7,M
M,KW,KuwaIT,MiddleSchool,G-08,A,Arabic,S,Mum,92,65,62,53,Good,Under-7,H
M,KW,KuwaIT,MiddleSchool,G-08,A,Arabic,S,Mum,83,75,62,53,Bad,Under-7,H
M,Morocco,Morocco,MiddleSchool,G-08,B,Arabic,S,Father,27,15,42,53,Bad,Above-7,L
M,KW,KuwaIT,MiddleSchool,G-08,B,Arabic,S,Father,45,95,12,13,Bad,Under-7,M
M,KW,KuwaIT,MiddleSchool,G-08,B,Arabic,S,Mum,15,90,52,83,Bad,Under-7,H
F,lebanon,lebanon,MiddleSchool,G-08,A,Arabic,S,Mum,45,58,52,43,Good,Under-7,H
M,KW,KuwaIT,MiddleSchool,G-08,B,Arabic,S,Father,25,5,12,33,Good,Under-7,M
F,KW,KuwaIT,MiddleSchool,G-08,B,Arabic,S,Father,22,51,42,40,Bad,Under-7,M
M,Jordan,Jordan,MiddleSchool,G-08,B,Arabic,S,Father,29,10,12,24,Bad,Above-7,L
F,SaudiArabia,SaudiArabia,MiddleSchool,G-08,B,Arabic,S,Mum,72,51,42,24,Bad,Above-7,H
M,KW,KuwaIT,MiddleSchool,G-08,B,Arabic,S,Father,67,31,42,14,Good,Under-7,M
M,KW,KuwaIT,MiddleSchool,G-08,C,Spanish,S,Father,17,21,42,14,Good,Under-7,M
M,Tunis,Tunis,MiddleSchool,G-08,C,Spanish,S,Mum,27,41,49,14,Bad,Under-7,M
M,KW,KuwaIT,MiddleSchool,G-08,C,Spanish,S,Father,70,81,39,84,Bad,Under-7,M
M,Jordan,SaudiArabia,MiddleSchool,G-08,C,Spanish,S,Mum,27,90,82,14,Good,Under-7,H
M,KW,KuwaIT,MiddleSchool,G-08,C,Spanish,S,Father,17,61,42,14,Bad,Under-7,M
M,Tunis,Tunis,MiddleSchool,G-08,C,Spanish,S,Mum,87,81,42,19,Good,Under-7,H
M,Tunis,Tunis,MiddleSchool,G-08,C,Spanish,S,Father,7,61,22,14,Bad,Above-7,L
M,KW,KuwaIT,MiddleSchool,G-08,C,Spanish,S,Father,17,50,2,4,Bad,Above-7,L
M,KW,KuwaIT,MiddleSchool,G-08,C,Spanish,S,Father,5,21,42,14,Good,Above-7,L
M,Iran,Iran,MiddleSchool,G-08,C,Spanish,S,Mum,27,41,32,61,Bad,Above-7,M
F,Jordan,KuwaIT,MiddleSchool,G-08,C,Spanish,S,Father,87,88,40,10,Good,Under-7,M
M,KW,KuwaIT,MiddleSchool,G-08,C,Spanish,S,Mum,96,61,42,94,Bad,Under-7,H
M,KW,KuwaIT,MiddleSchool,G-08,C,Spanish,S,Mum,57,51,46,34,Good,Under-7,M
M,lebanon,lebanon,MiddleSchool,G-08,C,Spanish,S,Father,77,69,41,13,Good,Under-7,M
M,lebanon,lebanon,MiddleSchool,G-08,C,Spanish,S,Father,80,51,40,24,Good,Under-7,M
M,KW,KuwaIT,MiddleSchool,G-08,B,Spanish,S,Father,62,61,82,40,Bad,Under-7,M
M,KW,KuwaIT,MiddleSchool,G-08,A,Spanish,S,Mum,72,83,12,90,Good,Under-7,H
M,KW,KuwaIT,MiddleSchool,G-08,B,Spanish,S,Mum,87,81,22,70,Bad,Under-7,H
M,KW,KuwaIT,MiddleSchool,G-08,A,Spanish,S,Mum,72,90,12,30,Bad,Under-7,M
M,KW,KuwaIT,MiddleSchool,G-08,B,Spanish,S,Father,2,11,62,30,Bad,Under-7,L
M,KW,KuwaIT,MiddleSchool,G-08,A,Spanish,S,Father,5,3,2,10,Good,Under-7,L
M,KW,KuwaIT,HighSchool,G-11,B,Math,S,Mum,73,84,77,81,Good,Above-7,H
M,KW,KuwaIT,MiddleSchool,G-08,A,Spanish,S,Father,5,17,21,10,Bad,Above-7,L
M,Iran,Iran,MiddleSchool,G-08,A,Spanish,S,Mum,51,42,12,29,Bad,Above-7,M
M,Syria,Jordan,MiddleSchool,G-08,A,Spanish,S,Father,9,7,21,20,Good,Above-7,L
M,Syria,Syria,MiddleSchool,G-07,A,Quran,F,Father,19,72,15,50,Good,Above-7,M
F,Jordan,Jordan,MiddleSchool,G-07,B,Science,S,Mum,32,80,58,46,Good,Above-7,M
M,KW,KuwaIT,MiddleSchool,G-07,B,Science,S,Mum,32,60,58,66,Good,Above-7,M
M,KW,KuwaIT,MiddleSchool,G-07,B,Science,S,Father,12,8,18,26,Bad,Above-7,L
M,Jordan,Jordan,MiddleSchool,G-07,B,Science,S,Father,52,10,13,6,Bad,Above-7,L
M,KW,KuwaIT,MiddleSchool,G-07,B,Science,S,Father,72,80,58,66,Good,Above-7,M
F,KW,KuwaIT,MiddleSchool,G-07,B,Science,S,Mum,72,80,58,66,Good,Above-7,M
M,Egypt,Egypt,MiddleSchool,G-07,B,Science,S,Mum,92,80,88,76,Good,Under-7,H
M,KW,KuwaIT,MiddleSchool,G-07,B,Science,S,Mum,72,80,98,96,Bad,Under-7,H
M,Egypt,Egypt,MiddleSchool,G-07,B,Science,S,Father,72,80,58,86,Good,Under-7,M
M,KW,KuwaIT,MiddleSchool,G-07,B,Science,S,Father,22,20,18,6,Bad,Above-7,L
M,Egypt,KuwaIT,MiddleSchool,G-07,B,Science,S,Father,12,20,38,46,Bad,Above-7,M
M,KW,KuwaIT,MiddleSchool,G-07,B,IT,S,Mum,70,92,83,85,Bad,Under-7,H
F,KW,KuwaIT,MiddleSchool,G-06,A,IT,S,Father,50,40,52,66,Bad,Under-7,M
F,KW,KuwaIT,MiddleSchool,G-06,A,Science,S,Father,80,94,62,77,Good,Under-7,H
F,KW,KuwaIT,MiddleSchool,G-06,A,Math,S,Father,87,48,82,96,Bad,Above-7,M
F,KW,KuwaIT,MiddleSchool,G-06,A,Quran,S,Father,70,40,2,16,Bad,Above-7,L
M,KW,KuwaIT,lowerlevel,G-04,A,IT,S,Father,65,86,62,40,Good,Above-7,M
M,KW,KuwaIT,lowerlevel,G-04,A,Math,S,Father,15,6,32,40,Good,Under-7,H
M,Egypt,Egypt,lowerlevel,G-04,A,English,S,Mum,19,74,32,17,Good,Above-7,L
F,KW,KuwaIT,lowerlevel,G-04,A,Science,S,Father,69,76,82,94,Bad,Under-7,M
M,KW,KuwaIT,lowerlevel,G-04,A,Arabic,S,Father,39,26,12,44,Bad,Above-7,L
M,KW,KuwaIT,lowerlevel,G-04,A,English,S,Father,59,97,42,70,Good,Under-7,H
M,KW,KuwaIT,lowerlevel,G-04,A,History,S,Father,10,17,12,40,Good,Under-7,H
F,KW,KuwaIT,lowerlevel,G-04,A,History,S,Mum,80,87,72,60,Good,Under-7,H
F,KW,KuwaIT,lowerlevel,G-04,A,History,S,Father,70,99,66,65,Good,Under-7,M
F,KW,KuwaIT,lowerlevel,G-04,A,History,S,Father,80,97,86,95,Good,Under-7,M
M,KW,KuwaIT,lowerlevel,G-04,A,English,S,Mum,69,34,12,17,Bad,Above-7,L
M,KW,KuwaIT,lowerlevel,G-04,A,History,S,Father,10,17,12,14,Bad,Above-7,L
M,KW,KuwaIT,lowerlevel,G-04,A,History,S,Father,61,97,82,64,Bad,Above-7,M
F,KW,KuwaIT,lowerlevel,G-04,A,History,S,Mum,21,27,52,34,Good,Above-7,M
M,Egypt,Egypt,lowerlevel,G-04,A,Math,S,Mum,49,94,42,7,Bad,Above-7,M
F,Jordan,Jordan,MiddleSchool,G-06,A,English,F,Mum,70,64,42,32,Bad,Under-7,M
F,Jordan,Jordan,MiddleSchool,G-06,A,English,S,Mum,79,84,82,37,Bad,Under-7,H
M,Jordan,Jordan,MiddleSchool,G-06,A,English,F,Father,19,80,12,17,Good,Above-7,M
M,Jordan,Jordan,MiddleSchool,G-06,A,English,S,Father,11,70,32,29,Good,Above-7,M
M,Jordan,Jordan,MiddleSchool,G-06,A,English,F,Father,10,8,10,10,Bad,Above-7,M
M,Jordan,Jordan,MiddleSchool,G-06,A,English,S,Father,18,28,40,20,Bad,Above-7,M
F,Jordan,Jordan,MiddleSchool,G-06,A,English,F,Mum,90,84,52,30,Good,Under-7,H
F,Jordan,Jordan,MiddleSchool,G-06,A,English,S,Mum,92,81,32,36,Good,Under-7,M
M,Jordan,Jordan,MiddleSchool,G-06,A,English,F,Father,42,21,2,16,Bad,Under-7,M
M,Jordan,Jordan,MiddleSchool,G-06,A,English,S,Father,22,20,6,26,Bad,Under-7,H
F,lebanon,lebanon,MiddleSchool,G-06,A,English,F,Mum,95,82,82,70,Good,Under-7,H
F,lebanon,lebanon,MiddleSchool,G-06,A,English,S,Mum,90,62,80,60,Good,Under-7,H
M,Palestine,Jordan,MiddleSchool,G-06,A,English,F,Mum,72,21,22,26,Good,Under-7,H
M,Palestine,Jordan,MiddleSchool,G-06,A,English,S,Mum,92,31,42,27,Good,Under-7,H
M,Palestine,Jordan,MiddleSchool,G-06,A,English,F,Mum,82,31,52,25,Good,Under-7,M
M,Palestine,Jordan,MiddleSchool,G-06,A,English,S,Mum,72,41,46,27,Good,Under-7,M
M,Iraq,Iraq,MiddleSchool,G-06,A,English,F,Mum,74,71,56,37,Good,Under-7,H
M,Iraq,Iraq,MiddleSchool,G-06,A,English,S,Mum,74,60,56,37,Good,Under-7,H
F,Jordan,Jordan,MiddleSchool,G-06,A,English,F,Mum,95,94,72,80,Good,Under-7,H
F,Jordan,Jordan,MiddleSchool,G-06,A,English,S,Mum,97,87,82,86,Good,Under-7,H
M,Jordan,Jordan,MiddleSchool,G-06,A,English,F,Father,40,38,32,36,Bad,Above-7,M
M,Jordan,Jordan,MiddleSchool,G-06,A,English,S,Father,41,39,35,39,Bad,Above-7,M
F,Jordan,Jordan,MiddleSchool,G-06,A,English,F,Mum,51,79,85,89,Good,Under-7,H
F,Jordan,Jordan,MiddleSchool,G-06,A,English,S,Mum,81,79,91,85,Good,Under-7,H
M,Palestine,Jordan,MiddleSchool,G-06,A,English,F,Mum,71,70,65,69,Good,Under-7,M
M,Palestine,Jordan,MiddleSchool,G-06,A,English,S,Mum,75,71,76,80,Good,Under-7,M
F,Jordan,Jordan,lowerlevel,G-04,A,Science,F,Father,49,36,32,44,Bad,Above-7,L
F,Jordan,Jordan,lowerlevel,G-04,A,Science,S,Father,42,24,12,24,Bad,Above-7,L
F,Palestine,Palestine,lowerlevel,G-04,A,Science,F,Mum,90,86,82,74,Good,Under-7,H
F,Palestine,Palestine,lowerlevel,G-04,A,Science,S,Mum,62,64,72,84,Good,Under-7,H
M,Iraq,Iraq,lowerlevel,G-04,A,Science,F,Father,90,86,82,74,Good,Above-7,M
M,Iraq,Iraq,lowerlevel,G-04,A,Science,S,Father,62,64,72,84,Good,Above-7,M
F,Jordan,Jordan,lowerlevel,G-04,A,Science,F,Mum,98,87,86,84,Good,Under-7,H
F,Jordan,Jordan,lowerlevel,G-04,A,Science,S,Mum,72,74,82,89,Good,Under-7,H
M,Jordan,Jordan,lowerlevel,G-04,A,Science,F,Father,18,17,26,34,Good,Above-7,M
M,Jordan,Jordan,lowerlevel,G-04,A,Science,S,Father,32,14,32,29,Good,Above-7,M
M,Jordan,Jordan,lowerlevel,G-04,A,Science,F,Father,10,12,20,13,Bad,Above-7,L
M,Jordan,Jordan,lowerlevel,G-04,A,Science,S,Father,22,34,15,9,Bad,Above-7,L
F,Jordan,Jordan,lowerlevel,G-04,B,Science,F,Mum,11,20,21,23,Bad,Under-7,M
F,Jordan,Jordan,lowerlevel,G-04,B,Science,S,Mum,12,44,25,39,Bad,Under-7,M
F,Jordan,Jordan,lowerlevel,G-04,B,Science,F,Father,15,50,24,43,Bad,Under-7,M
F,Jordan,Jordan,lowerlevel,G-04,B,Science,S,Father,32,44,29,89,Bad,Under-7,M
M,Jordan,Jordan,lowerlevel,G-04,B,Science,F,Mum,65,59,74,83,Good,Under-7,H
M,Jordan,Jordan,lowerlevel,G-04,B,Science,S,Mum,72,64,59,89,Good,Under-7,H
M,Palestine,Jordan,lowerlevel,G-04,B,Science,F,Mum,95,57,74,89,Good,Above-7,M
M,Palestine,Jordan,lowerlevel,G-04,B,Science,S,Mum,82,84,79,79,Good,Above-7,M
M,Jordan,Jordan,lowerlevel,G-04,B,Science,F,Father,25,29,34,33,Good,Above-7,M
M,Jordan,Jordan,lowerlevel,G-04,B,Science,S,Father,42,34,29,39,Good,Above-7,M
F,Jordan,Jordan,lowerlevel,G-04,B,Science,F,Mum,55,79,44,43,Good,Under-7,H
F,Jordan,Jordan,lowerlevel,G-04,B,Science,S,Mum,62,64,69,49,Good,Under-7,H
F,Jordan,lebanon,lowerlevel,G-04,B,Science,F,Mum,78,88,74,83,Good,Under-7,H
F,Jordan,lebanon,lowerlevel,G-04,B,Science,S,Mum,72,84,89,89,Good,Under-7,H
M,Jordan,Jordan,lowerlevel,G-02,A,French,F,Mum,60,92,83,23,Good,Under-7,H
M,Jordan,Jordan,lowerlevel,G-02,A,French,S,Mum,50,90,83,13,Good,Under-7,H
F,Jordan,Jordan,lowerlevel,G-02,A,French,F,Mum,60,97,13,3,Good,Under-7,H
F,Jordan,Jordan,lowerlevel,G-02,A,French,S,Mum,50,95,23,10,Good,Under-7,H
F,Jordan,Jordan,lowerlevel,G-02,A,French,F,Mum,60,87,23,11,Good,Above-7,M
F,Jordan,Jordan,lowerlevel,G-02,A,French,S,Mum,50,80,20,15,Good,Above-7,M
M,Jordan,Jordan,lowerlevel,G-02,A,French,F,Father,10,15,10,21,Bad,Above-7,L
M,Jordan,Jordan,lowerlevel,G-02,A,French,S,Father,30,10,20,5,Bad,Above-7,L
M,Syria,Syria,lowerlevel,G-02,A,French,F,Father,24,35,18,31,Bad,Under-7,M
M,Syria,Syria,lowerlevel,G-02,A,French,S,Father,27,20,33,35,Bad,Under-7,M
M,Jordan,Jordan,lowerlevel,G-02,A,French,F,Father,10,15,10,21,Bad,Above-7,L
M,Jordan,Jordan,lowerlevel,G-02,A,French,S,Father,30,10,20,5,Bad,Above-7,L
F,Jordan,Palestine,lowerlevel,G-02,A,French,F,Mum,80,77,63,83,Good,Under-7,M
F,Jordan,Palestine,lowerlevel,G-02,A,French,S,Mum,75,85,73,80,Good,Under-7,M
M,Jordan,Jordan,lowerlevel,G-02,A,French,F,Father,40,7,50,41,Good,Above-7,L
M,Jordan,Jordan,lowerlevel,G-02,A,French,S,Father,35,2,29,33,Good,Above-7,L
F,Jordan,Jordan,lowerlevel,G-02,A,French,F,Mum,10,90,30,21,Good,Under-7,M
F,Jordan,Jordan,lowerlevel,G-02,A,French,S,Mum,25,80,29,23,Good,Under-7,M
M,Lybia,Lybia,lowerlevel,G-02,A,French,F,Mum,10,8,9,3,Good,Above-7,L
M,Lybia,Lybia,lowerlevel,G-02,A,French,S,Mum,15,7,12,7,Good,Above-7,L
F,Palestine,Jordan,lowerlevel,G-02,A,French,F,Mum,70,90,20,21,Good,Under-7,M
F,Palestine,Jordan,lowerlevel,G-02,A,French,S,Mum,75,80,15,20,Good,Under-7,M
F,Palestine,Jordan,lowerlevel,G-02,B,French,F,Father,78,98,10,11,Good,Under-7,M
F,Palestine,Jordan,lowerlevel,G-02,B,French,S,Father,79,89,11,14,Good,Under-7,M
F,Iraq,Iraq,lowerlevel,G-02,B,French,F,Father,16,90,15,11,Good,Under-7,M
F,Iraq,Iraq,lowerlevel,G-02,B,French,S,Father,17,80,13,10,Good,Under-7,M
M,Jordan,Jordan,lowerlevel,G-02,B,French,F,Mum,40,87,50,41,Bad,Under-7,M
M,Jordan,Jordan,lowerlevel,G-02,B,French,S,Mum,35,92,29,33,Bad,Under-7,M
F,Jordan,Jordan,lowerlevel,G-02,B,French,F,Mum,14,97,15,14,Good,Under-7,H
F,Jordan,Jordan,lowerlevel,G-02,B,French,F,Mum,13,82,20,30,Good,Under-7,H
F,Jordan,Jordan,lowerlevel,G-02,B,French,S,Mum,24,97,15,14,Good,Under-7,H
F,Jordan,Jordan,lowerlevel,G-02,B,French,S,Mum,23,82,20,30,Good,Under-7,H
M,Lybia,Lybia,lowerlevel,G-02,B,French,F,Mum,20,3,9,3,Good,Above-7,L
M,Lybia,Lybia,lowerlevel,G-02,B,French,S,Mum,15,4,12,7,Good,Above-7,L
M,Egypt,Egypt,lowerlevel,G-02,B,French,F,Mum,5,13,6,6,Good,Above-7,L
M,Egypt,Egypt,lowerlevel,G-02,B,French,S,Mum,7,9,11,10,Good,Above-7,L
F,Jordan,Jordan,lowerlevel,G-02,B,French,F,Mum,10,94,40,11,Good,Under-7,M
F,Jordan,Jordan,lowerlevel,G-02,B,French,S,Mum,25,89,21,13,Good,Under-7,M
M,Jordan,Jordan,lowerlevel,G-02,B,French,F,Mum,30,98,42,21,Good,Under-7,H
M,Jordan,Jordan,lowerlevel,G-02,B,French,S,Mum,35,97,41,23,Good,Under-7,H
M,Jordan,Jordan,lowerlevel,G-02,B,French,F,Father,32,88,32,25,Good,Under-7,M
M,Jordan,Jordan,lowerlevel,G-02,B,French,S,Father,25,87,21,27,Good,Under-7,M
F,lebanon,lebanon,lowerlevel,G-02,B,French,F,Mum,72,98,52,15,Good,Under-7,H
F,lebanon,lebanon,lowerlevel,G-02,B,French,S,Mum,75,90,51,17,Good,Under-7,H
M,Jordan,Jordan,lowerlevel,G-02,A,Arabic,F,Father,20,88,31,28,Good,Above-7,M
M,Jordan,Jordan,lowerlevel,G-02,A,Arabic,S,Father,10,98,41,38,Good,Above-7,M
M,Palestine,Jordan,lowerlevel,G-02,A,Arabic,F,Father,90,98,41,38,Good,Under-7,H
M,Palestine,Jordan,lowerlevel,G-02,A,Arabic,S,Father,80,88,51,39,Good,Under-7,H
M,Iraq,Iraq,lowerlevel,G-02,A,Arabic,F,Father,80,95,21,28,Good,Under-7,H
M,Iraq,Iraq,lowerlevel,G-02,A,Arabic,S,Father,78,70,31,29,Good,Under-7,H
M,Jordan,Jordan,lowerlevel,G-02,A,Arabic,F,Father,10,18,71,38,Good,Above-7,M
M,Jordan,Jordan,lowerlevel,G-02,A,Arabic,S,Father,10,58,51,48,Good,Above-7,M
F,Palestine,Jordan,lowerlevel,G-02,A,Arabic,F,Mum,98,88,60,31,Good,Under-7,H
F,Palestine,Jordan,lowerlevel,G-02,A,Arabic,S,Mum,75,81,51,34,Good,Under-7,H
M,Jordan,Jordan,lowerlevel,G-02,A,Arabic,F,Father,10,17,50,21,Bad,Under-7,M
M,Jordan,Jordan,lowerlevel,G-02,A,Arabic,S,Father,35,2,29,23,Bad,Under-7,M
F,Jordan,Jordan,lowerlevel,G-02,A,Arabic,F,Father,10,20,22,97,Bad,Above-7,L
F,Jordan,Jordan,lowerlevel,G-02,A,Arabic,S,Father,5,9,19,98,Bad,Above-7,L
M,Jordan,Jordan,lowerlevel,G-02,B,Arabic,F,Father,10,10,40,51,Bad,Above-7,L
M,Jordan,Jordan,lowerlevel,G-02,B,Arabic,S,Father,35,2,29,23,Bad,Above-7,L
M,Jordan,Jordan,lowerlevel,G-02,B,Arabic,F,Mum,20,90,50,61,Bad,Above-7,M
M,Jordan,Jordan,lowerlevel,G-02,B,Arabic,S,Mum,32,82,59,63,Bad,Above-7,M
M,Jordan,Jordan,lowerlevel,G-02,B,Arabic,F,Father,10,30,50,91,Bad,Above-7,L
M,Jordan,Jordan,lowerlevel,G-02,B,Arabic,S,Father,12,22,59,83,Bad,Above-7,L
F,Jordan,Jordan,lowerlevel,G-02,B,Arabic,F,Father,11,20,20,98,Bad,Above-7,L
F,Jordan,Jordan,lowerlevel,G-02,B,Arabic,S,Father,10,12,29,93,Bad,Above-7,L
M,Iraq,Iraq,lowerlevel,G-02,B,Arabic,F,Mum,69,82,20,28,Good,Under-7,H
M,Iraq,Iraq,lowerlevel,G-02,B,Arabic,S,Mum,70,83,29,33,Good,Under-7,H
F,Iraq,Iraq,lowerlevel,G-02,B,Arabic,F,Mum,89,92,40,28,Good,Under-7,H
F,Iraq,Iraq,lowerlevel,G-02,B,Arabic,S,Mum,79,93,49,23,Good,Under-7,H
M,Jordan,Jordan,lowerlevel,G-02,B,Arabic,F,Mum,15,90,21,97,Good,Under-7,M
M,Jordan,Jordan,lowerlevel,G-02,B,Arabic,S,Mum,20,77,31,88,Good,Under-7,M
M,Jordan,SaudiArabia,lowerlevel,G-02,B,Arabic,F,Mum,4,10,11,7,Good,Above-7,L
M,Jordan,SaudiArabia,lowerlevel,G-02,B,Arabic,S,Mum,5,0,1,8,Good,Above-7,L
F,Jordan,Jordan,MiddleSchool,G-07,A,Biology,F,Mum,88,81,50,10,Good,Above-7,M
F,Jordan,Jordan,MiddleSchool,G-07,A,Biology,S,Mum,90,88,54,12,Good,Above-7,M
F,Iraq,Iraq,MiddleSchool,G-07,A,Biology,F,Mum,86,98,50,20,Good,Under-7,H
F,Iraq,Iraq,MiddleSchool,G-07,A,Biology,S,Mum,90,90,57,22,Good,Under-7,H
M,Jordan,Palestine,MiddleSchool,G-07,A,Biology,F,Mum,78,91,50,40,Good,Under-7,H
M,Jordan,Palestine,MiddleSchool,G-07,A,Biology,S,Mum,70,98,54,72,Good,Under-7,H
M,Jordan,Jordan,MiddleSchool,G-07,A,Biology,F,Father,80,80,46,61,Bad,Under-7,M
M,Jordan,Jordan,MiddleSchool,G-07,A,Biology,S,Father,85,82,59,63,Bad,Under-7,M
M,Palestine,Palestine,MiddleSchool,G-07,A,Biology,F,Father,88,90,86,81,Good,Under-7,H
M,Palestine,Palestine,MiddleSchool,G-07,A,Biology,S,Father,89,92,89,83,Good,Under-7,H
M,Jordan,Jordan,MiddleSchool,G-07,A,Biology,F,Father,39,71,40,26,Good,Above-7,M
M,Jordan,Jordan,MiddleSchool,G-07,A,Biology,S,Father,35,80,34,22,Good,Above-7,M
M,Jordan,Jordan,MiddleSchool,G-07,A,Biology,F,Father,76,81,80,86,Good,Under-7,H
M,Jordan,Jordan,MiddleSchool,G-07,A,Biology,S,Father,65,89,64,82,Good,Under-7,H
F,Syria,Syria,MiddleSchool,G-07,A,Biology,F,Mum,96,95,70,70,Good,Under-7,H
F,Syria,Syria,MiddleSchool,G-07,A,Biology,S,Mum,80,91,87,72,Good,Under-7,H
M,Jordan,Jordan,MiddleSchool,G-07,A,Biology,F,Mum,2,9,10,1,Bad,Above-7,L
M,Jordan,Jordan,MiddleSchool,G-07,A,Biology,S,Mum,3,8,19,3,Bad,Above-7,L
M,Jordan,Jordan,MiddleSchool,G-07,B,Biology,F,Father,50,79,10,31,Bad,Under-7,M
M,Jordan,Jordan,MiddleSchool,G-07,B,Biology,S,Father,53,88,9,33,Bad,Under-7,M
F,Jordan,Jordan,MiddleSchool,G-07,B,Biology,F,Mum,70,89,12,21,Good,Under-7,H
F,Jordan,Jordan,MiddleSchool,G-07,B,Biology,S,Mum,59,90,19,43,Good,Under-7,H
M,Palestine,Jordan,MiddleSchool,G-07,B,Biology,F,Father,78,80,66,51,Good,Under-7,M
M,Palestine,Jordan,MiddleSchool,G-07,B,Biology,S,Father,79,72,79,83,Good,Under-7,M
F,Lybia,Lybia,MiddleSchool,G-07,B,Biology,F,Mum,10,9,2,1,Good,Above-7,L
F,Lybia,Lybia,MiddleSchool,G-07,B,Biology,S,Mum,9,7,9,3,Good,Above-7,L
M,Iraq,Iraq,MiddleSchool,G-07,B,Biology,F,Father,98,90,86,71,Good,Under-7,H
M,Iraq,Iraq,MiddleSchool,G-07,B,Biology,S,Father,89,92,89,83,Good,Under-7,H
M,Palestine,Jordan,MiddleSchool,G-07,B,Biology,F,Father,88,90,76,81,Good,Under-7,H
M,Palestine,Jordan,MiddleSchool,G-07,B,Biology,S,Father,99,96,89,84,Good,Under-7,H
F,Jordan,Jordan,MiddleSchool,G-08,A,Chemistry,F,Mum,82,89,22,31,Good,Under-7,H
F,Jordan,Jordan,MiddleSchool,G-08,A,Chemistry,S,Mum,84,92,29,43,Good,Under-7,H
F,Jordan,Jordan,MiddleSchool,G-08,A,Geology,F,Mum,70,69,46,45,Good,Above-7,M
F,Jordan,Jordan,MiddleSchool,G-08,A,Geology,S,Mum,74,62,49,43,Good,Above-7,M
F,Jordan,Jordan,MiddleSchool,G-08,A,Geology,F,Mum,90,79,76,79,Good,Under-7,H
F,Jordan,Jordan,MiddleSchool,G-08,A,Geology,S,Mum,84,77,79,68,Good,Under-7,H
M,Jordan,Jordan,MiddleSchool,G-08,A,Chemistry,F,Mum,80,80,62,11,Good,Above-7,M
M,Jordan,Jordan,MiddleSchool,G-08,A,Chemistry,S,Mum,81,82,69,13,Good,Above-7,M
M,Jordan,SaudiArabia,MiddleSchool,G-08,A,Chemistry,F,Father,10,0,2,41,Bad,Above-7,L
M,Jordan,SaudiArabia,MiddleSchool,G-08,A,Chemistry,S,Father,11,2,9,49,Bad,Above-7,L
M,Jordan,SaudiArabia,MiddleSchool,G-08,A,Geology,F,Father,85,89,22,61,Bad,Under-7,H
M,Jordan,SaudiArabia,MiddleSchool,G-08,A,Geology,S,Father,80,89,23,68,Bad,Under-7,H
M,Jordan,SaudiArabia,MiddleSchool,G-08,A,Geology,F,Father,95,87,62,81,Bad,Under-7,M
M,Jordan,SaudiArabia,MiddleSchool,G-08,A,Geology,S,Father,87,79,73,98,Bad,Under-7,M
M,Jordan,Jordan,MiddleSchool,G-08,A,Chemistry,F,Mum,85,87,72,10,Good,Above-7,M
M,Jordan,Jordan,MiddleSchool,G-08,A,Chemistry,S,Mum,79,88,79,20,Good,Above-7,M
M,Jordan,Jordan,MiddleSchool,G-08,A,Geology,F,Mum,80,81,71,30,Good,Under-7,M
M,Jordan,Jordan,MiddleSchool,G-08,A,Geology,S,Mum,70,83,70,23,Good,Under-7,M
M,Jordan,Jordan,MiddleSchool,G-08,A,Chemistry,F,Mum,80,82,76,19,Good,Under-7,M
M,Jordan,Jordan,MiddleSchool,G-08,A,Chemistry,S,Mum,70,82,75,29,Good,Under-7,M
M,Jordan,Jordan,MiddleSchool,G-08,A,Geology,F,Mum,89,87,86,15,Good,Under-7,M
M,Jordan,Jordan,MiddleSchool,G-08,A,Geology,S,Mum,90,86,85,10,Good,Under-7,M
M,Jordan,Jordan,MiddleSchool,G-08,A,History,F,Mum,69,77,76,75,Good,Above-7,M
M,Jordan,Jordan,MiddleSchool,G-08,A,History,S,Mum,70,76,65,70,Good,Above-7,M
M,Jordan,Jordan,MiddleSchool,G-08,A,Chemistry,F,Mum,75,72,64,39,Good,Above-7,L
M,Jordan,Jordan,MiddleSchool,G-08,A,Chemistry,S,Mum,72,76,66,40,Good,Above-7,L
M,Jordan,Jordan,MiddleSchool,G-08,A,Geology,F,Mum,77,82,74,79,Good,Under-7,M
M,Jordan,Jordan,MiddleSchool,G-08,A,Geology,S,Mum,71,84,67,80,Good,Under-7,M
M,Jordan,Jordan,MiddleSchool,G-08,A,History,F,Mum,87,92,74,89,Good,Under-7,H
M,Jordan,Jordan,MiddleSchool,G-08,A,History,S,Mum,81,84,77,85,Good,Under-7,H
F,Jordan,Jordan,MiddleSchool,G-08,A,Chemistry,F,Father,15,97,22,10,Good,Under-7,H
F,Jordan,Jordan,MiddleSchool,G-08,A,Chemistry,S,Father,19,98,20,2,Good,Under-7,H
F,Jordan,Jordan,MiddleSchool,G-08,A,Geology,F,Father,25,82,52,20,Good,Above-7,M
F,Jordan,Jordan,MiddleSchool,G-08,A,Geology,S,Father,29,78,40,12,Good,Above-7,M
F,Jordan,Jordan,MiddleSchool,G-08,A,History,F,Father,45,87,57,80,Good,Under-7,M
F,Jordan,Jordan,MiddleSchool,G-08,A,History,S,Father,39,88,43,72,Good,Under-7,M
F,Jordan,Jordan,MiddleSchool,G-08,A,Chemistry,F,Father,85,90,52,30,Good,Under-7,H
F,Jordan,Jordan,MiddleSchool,G-08,A,Chemistry,S,Father,79,91,49,22,Good,Under-7,H
M,Iraq,Iraq,MiddleSchool,G-08,A,Chemistry,F,Father,90,91,80,81,Good,Under-7,H
M,Iraq,Iraq,MiddleSchool,G-08,A,Chemistry,S,Father,80,90,80,83,Good,Under-7,H
M,Iraq,Iraq,MiddleSchool,G-08,A,Geology,F,Father,80,83,82,71,Good,Above-7,M
M,Iraq,Iraq,MiddleSchool,G-08,A,Geology,S,Father,71,81,83,72,Good,Above-7,M
M,Iraq,Iraq,MiddleSchool,G-08,A,History,F,Father,72,87,72,89,Good,Above-7,M
M,Iraq,Iraq,MiddleSchool,G-08,A,History,S,Father,69,77,83,92,Good,Above-7,M
F,Jordan,Jordan,MiddleSchool,G-08,A,Chemistry,F,Mum,85,99,42,90,Good,Under-7,H
F,Jordan,Jordan,MiddleSchool,G-08,A,Chemistry,S,Mum,89,96,45,92,Good,Under-7,H
F,Jordan,Jordan,MiddleSchool,G-08,A,Geology,F,Mum,80,82,64,58,Good,Under-7,H
F,Jordan,Jordan,MiddleSchool,G-08,A,Geology,S,Mum,87,93,63,60,Good,Under-7,H
F,Jordan,Jordan,MiddleSchool,G-08,A,Chemistry,F,Father,15,9,14,80,Bad,Above-7,L
F,Jordan,Jordan,MiddleSchool,G-08,A,Chemistry,S,Father,9,6,15,85,Bad,Above-7,L
M,Palestine,Jordan,MiddleSchool,G-08,A,History,F,Father,81,86,86,41,Good,Under-7,M
M,Palestine,Jordan,MiddleSchool,G-08,A,History,S,Father,78,82,78,53,Good,Under-7,M
M,Palestine,Palestine,MiddleSchool,G-08,A,Geology,F,Father,80,87,74,68,Good,Under-7,M
M,Palestine,Palestine,MiddleSchool,G-08,A,Geology,S,Father,85,88,79,70,Good,Under-7,M
F,Jordan,Jordan,MiddleSchool,G-08,A,Chemistry,F,Father,2,7,4,8,Bad,Above-7,L
F,Jordan,Jordan,MiddleSchool,G-08,A,Chemistry,S,Father,5,4,5,8,Bad,Above-7,L
F,Jordan,Jordan,MiddleSchool,G-08,A,Geology,F,Father,50,77,14,28,Bad,Under-7,M
F,Jordan,Jordan,MiddleSchool,G-08,A,Geology,S,Father,55,74,25,29,Bad,Under-7,M
F,Jordan,Jordan,MiddleSchool,G-08,A,History,F,Father,30,17,14,57,Bad,Above-7,L
F,Jordan,Jordan,MiddleSchool,G-08,A,History,S,Father,35,14,23,62,Bad,Above-7,L
